<?xml version="1.0" encoding="UTF-8"?>
<project-private xmlns="http://www.netbeans.org/ns/project-private/1">
    <editor-bookmarks xmlns="http://www.netbeans.org/ns/editor-bookmarks/2" lastBookmarkId="0"/>
    <open-files xmlns="http://www.netbeans.org/ns/projectui-open-files/2">
        <group>
            <file>file:/Users/vannhat/Documents/java/NHATTV_JAVA/PE_PRO/book_management/src/model/Book.java</file>
            <file>file:/Users/vannhat/Documents/java/NHATTV_JAVA/PE_PRO/book_management/src/view/Menu.java</file>
            <file>file:/Users/vannhat/Documents/java/NHATTV_JAVA/PE_PRO/book_management/src/view/Main.java</file>
            <file>file:/Users/vannhat/Documents/java/NHATTV_JAVA/PE_PRO/book_management/src/view/LibraryManagement.java</file>
            <file>file:/Users/vannhat/Documents/java/NHATTV_JAVA/PE_PRO/book_management/src/controller/Library.java</file>
            <file>file:/Users/vannhat/Documents/java/NHATTV_JAVA/PE_PRO/book_management/src/data/book.txt</file>
        </group>
    </open-files>
</project-private>
